id,email,first_name,last_name,role,department,student_id,is_verified,created_at
2d004dd1-e63e-4f71-a5a8-8adffc80d797,sec_student_2d004dd1@nu.edu.pk,Security,Student,student,,,,2026-08-21T17:57:34.998Z
9c9f3bff-ee45-4d42-9a9b-8d50af0ed4f1,phase14_admin_9c9f3bff@nu.edu.pk,Readiness,Admin,admin,,,,2026-08-21T17:57:34.709Z
491c011b-a739-46c7-ab89-232c7e832405,phase14_student_491c011b@nu.edu.pk,Readiness,Student,student,,,,2026-08-21T17:57:34.704Z
86f1bc7d-9c45-469e-848e-ba74b697d351,mkt2_student_86f1bc7d@nu.edu.pk,Marketplace,Student,student,,,,2026-08-21T17:57:34.410Z
76610514-8d68-4c4c-ba6c-335468b75489,other_76610514@nu.edu.pk,Other,User,student,,,,2026-08-21T17:57:31.792Z
9a24a63f-3595-4129-a080-83cfe97b8b12,uat_admin_9a24a63f@nu.edu.pk,Uat,Admin,admin,,,,2026-08-21T17:57:31.776Z
8f1ca2f8-1902-4c69-ae88-fe0e7baefb7c,uat_student_8f1ca2f8@nu.edu.pk,Uat,Student,student,,,,2026-08-21T17:57:31.770Z
8b0a61c5-354b-4098-99a4-2f870a1dff50,perf_student_8b0a61c5@nu.edu.pk,Perf,Student,student,,,,2026-08-21T17:57:31.588Z
dd3444ee-84b4-4c39-8d1c-9555282f632a,push_admin_dd3444ee@nu.edu.pk,Push,Admin,admin,,,,2026-08-21T17:57:31.562Z
35273ec3-e98d-4cef-ab8f-f6a7302e65d6,push_student_35273ec3@nu.edu.pk,Push,Student,student,,,,2026-08-21T17:57:31.556Z
bb4b979f-13ae-4a9e-b1e9-e27404fbeecc,acad2_student_bb4b979f@nu.edu.pk,Academics,Student,student,,,,2026-08-21T17:57:31.393Z
e0228f97-d2a2-4136-936d-7711070989ba,acc2_student_e0228f97@nu.edu.pk,Housing,Student,student,,,,2026-08-21T17:57:31.379Z
84075357-f06a-4c64-ac42-55a90d07ee78,ev2_student_84075357@nu.edu.pk,Events,Student,student,,,,2026-08-21T17:57:31.241Z
e5046052-7dba-4d25-b646-edb4b804001b,notif2_student_e5046052@nu.edu.pk,Notif,Student,student,,,,2026-08-21T17:57:31.231Z
918476d5-fd2f-432f-b534-df11996b27ce,ux_student_918476d5@nu.edu.pk,Ux,Student,student,,,,2026-08-21T17:50:21.967Z
39b8284d-eab7-4fa4-8576-4a3dcf251e17,launch_student_39b8284d@nu.edu.pk,Launch,Student,student,,,,2026-08-21T17:50:21.628Z
ca8298e9-d36e-4807-a8fa-877a4d5f2112,msg2_student_ca8298e9@nu.edu.pk,Messaging,Student,student,,,,2026-08-21T17:50:21.178Z
6bda0374-846f-4018-8849-03f03f1951d3,dash2_student_6bda0374@nu.edu.pk,Dashboard,Student,student,,,,2026-08-21T17:50:21.079Z
89069121-dd1f-4360-b1e1-6959c4b13d6b,search_student_89069121@nu.edu.pk,Search,Student,student,,,,2026-08-21T17:50:20.239Z
2bd4232c-1b85-4342-81ad-ecc57fd52ef6,mkt2_student_2bd4232c@nu.edu.pk,Marketplace,Student,student,,,,2026-08-21T17:50:20.189Z
6d50c638-3973-4b22-897c-e828ff068d05,sec_student_6d50c638@nu.edu.pk,Security,Student,student,,,,2026-08-21T17:50:19.805Z
ab0b4b99-9eaf-4b21-b561-ee4e20b4b8b7,lf2_student_ab0b4b99@nu.edu.pk,LostFound,Student,student,,,,2026-08-21T17:50:19.091Z
b7c6a724-f34c-4a19-b65e-266fb760e148,phase14_admin_b7c6a724@nu.edu.pk,Readiness,Admin,admin,,,,2026-08-21T17:50:19.031Z
ddc14159-952a-4ab5-8a20-a03b27b04bfd,phase14_student_ddc14159@nu.edu.pk,Readiness,Student,student,,,,2026-08-21T17:50:19.028Z
d6aa0c01-a27e-4ac8-b8b4-2352bfcb452e,acc2_student_d6aa0c01@nu.edu.pk,Housing,Student,student,,,,2026-08-21T17:50:17.658Z
4cee92d0-d49a-49f6-926f-4099762ccb42,perf_student_4cee92d0@nu.edu.pk,Perf,Student,student,,,,2026-08-21T17:50:17.423Z
6845b51c-7ba6-4c30-b7b1-538925a2e7a4,acad2_student_6845b51c@nu.edu.pk,Academics,Student,student,,,,2026-08-21T17:50:17.243Z
c47ea985-a3b8-43b8-9425-b92d51c1f8c9,other_c47ea985@nu.edu.pk,Other,User,student,,,,2026-08-21T17:50:17.145Z
aeb43847-d109-4cc8-af24-b5390fc3d636,ev2_student_aeb43847@nu.edu.pk,Events,Student,student,,,,2026-08-21T17:50:17.081Z
345dc372-92d0-4713-bfcd-d64234552856,notif2_student_345dc372@nu.edu.pk,Notif,Student,student,,,,2026-08-21T17:50:17.058Z
41e598ff-aa0f-4db7-9db9-bed4183c980a,uat_admin_41e598ff@nu.edu.pk,Uat,Admin,admin,,,,2026-08-21T17:50:16.939Z
c2eb14dd-15b6-42b0-8b24-753ce8135e4b,uat_student_c2eb14dd@nu.edu.pk,Uat,Student,student,,,,2026-08-21T17:50:16.928Z
63f47080-5b6c-4faf-ab83-2685b0e98cdf,push_admin_63f47080@nu.edu.pk,Push,Admin,admin,,,,2026-08-21T17:50:16.837Z
05e3e07d-2cb3-49b0-8d77-b37a146bfc8c,push_student_05e3e07d@nu.edu.pk,Push,Student,student,,,,2026-08-21T17:50:16.824Z
d5e7f2b4-bf9c-4e8f-aee1-c3775c6af9e1,msg2_student_d5e7f2b4@nu.edu.pk,Messaging,Student,student,,,,2026-08-21T17:47:48.092Z
d17cc454-1632-490a-b198-82d2c34b4760,mkt2_student_d17cc454@nu.edu.pk,Marketplace,Student,student,,,,2026-08-21T17:47:48.012Z
82d7c783-1cdc-4774-9031-57ce24ad50ac,sec_student_82d7c783@nu.edu.pk,Security,Student,student,,,,2026-08-21T17:47:47.901Z
2c8a640c-8c92-4ff6-91e5-61cd3e60e8ac,ux_student_2c8a640c@nu.edu.pk,Ux,Student,student,,,,2026-08-21T17:47:46.285Z
53ae74e4-5b4f-4894-a796-61b6b9b357b8,phase14_admin_53ae74e4@nu.edu.pk,Readiness,Admin,admin,,,,2026-08-21T17:47:46.123Z
c5c0b9a9-fd94-4828-a50b-0293568042d2,phase14_student_c5c0b9a9@nu.edu.pk,Readiness,Student,student,,,,2026-08-21T17:47:46.119Z
a51718ee-79d1-4214-a8bd-c78d02c04a82,search_student_a51718ee@nu.edu.pk,Search,Student,student,,,,2026-08-21T17:47:45.977Z
7680f528-a10f-4ffa-a877-de03225d8256,launch_student_7680f528@nu.edu.pk,Launch,Student,student,,,,2026-08-21T17:47:45.829Z
5c582406-f321-4fcc-bbf8-3cf64bad1146,dash2_student_5c582406@nu.edu.pk,Dashboard,Student,student,,,,2026-08-21T17:47:45.749Z
d8ed3af5-eb52-47af-9133-7ea15df2d7d1,acad2_student_d8ed3af5@nu.edu.pk,Academics,Student,student,,,,2026-08-21T17:47:44.352Z
e76e6109-a53f-47f3-9dea-a8933f9e01d4,other_e76e6109@nu.edu.pk,Other,User,student,,,,2026-08-21T17:47:44.243Z
a9a715ea-2c3e-4571-8fe1-f42ed1ee2c8d,ev2_student_a9a715ea@nu.edu.pk,Events,Student,student,,,,2026-08-21T17:47:44.239Z
62b86dee-d1bd-4c8a-8199-618741d4c8bb,push_admin_62b86dee@nu.edu.pk,Push,Admin,admin,,,,2026-08-21T17:47:44.079Z
402304b9-d51f-4065-8b25-31877bea5019,push_student_402304b9@nu.edu.pk,Push,Student,student,,,,2026-08-21T17:47:44.074Z
7c6fe1f6-4f4a-401b-9d3f-36ffbef66388,uat_admin_7c6fe1f6@nu.edu.pk,Uat,Admin,admin,,,,2026-08-21T17:47:43.965Z
aa37e8dd-88d2-4be5-9c59-da8708994759,uat_student_aa37e8dd@nu.edu.pk,Uat,Student,student,,,,2026-08-21T17:47:43.955Z
93a92e4f-4316-4716-9538-3abce38671fe,notif2_student_93a92e4f@nu.edu.pk,Notif,Student,student,,,,2026-08-21T17:47:43.938Z
9f9b95f4-2af9-4918-86dc-d1a0fadaf118,perf_student_9f9b95f4@nu.edu.pk,Perf,Student,student,,,,2026-08-21T17:47:43.883Z
53c9a877-a00a-4014-b6de-4f23d8bea221,lf2_student_53c9a877@nu.edu.pk,LostFound,Student,student,,,,2026-08-21T17:47:43.705Z
f4f8697b-d173-44e1-a7fc-d9b5ef325a40,ux_student_f4f8697b@nu.edu.pk,Ux,Student,student,,,,2026-08-21T17:47:16.844Z
0ec2f72b-da39-40ea-9d2e-a518237ef182,phase14_admin_0ec2f72b@nu.edu.pk,Readiness,Admin,admin,,,,2026-08-21T17:47:15.191Z
eef1cfcb-7e78-4c8a-bb08-5f64ef8be836,phase14_student_eef1cfcb@nu.edu.pk,Readiness,Student,student,,,,2026-08-21T17:47:15.187Z
6e04bdcb-ae43-4c88-a2dc-8f68ab06d1ae,launch_student_6e04bdcb@nu.edu.pk,Launch,Student,student,,,,2026-08-21T17:47:15.124Z
af34def4-6f6b-44be-bb8d-c32f9b47f359,sec_student_af34def4@nu.edu.pk,Security,Student,student,,,,2026-08-21T17:47:15.115Z
06dd0fff-957b-46e9-b7bf-dfb6327b5342,dash2_student_06dd0fff@nu.edu.pk,Dashboard,Student,student,,,,2026-08-21T17:47:14.923Z
ab75b500-94c6-4431-8580-bb7d9d176cc8,mkt2_student_ab75b500@nu.edu.pk,Marketplace,Student,student,,,,2026-08-21T17:47:14.792Z
700efc52-774b-44eb-a855-65a29b09e309,search_student_700efc52@nu.edu.pk,Search,Student,student,,,,2026-08-21T17:47:14.759Z
548ae188-4207-422a-b082-2d75dcd0291e,msg2_student_548ae188@nu.edu.pk,Messaging,Student,student,,,,2026-08-21T17:47:14.755Z
0ac193f9-8f79-42f0-8757-e93559fbe284,notif2_student_0ac193f9@nu.edu.pk,Notif,Student,student,,,,2026-08-21T17:47:13.062Z
886d5dd4-1104-4fd0-a1f0-8e519dd60469,lf2_student_886d5dd4@nu.edu.pk,LostFound,Student,student,,,,2026-08-21T17:47:13.000Z
87ccb738-4fec-458c-afc0-5f19e31a1fbf,ev2_student_87ccb738@nu.edu.pk,Events,Student,student,,,,2026-08-21T17:47:12.940Z
fb7b1fcc-9380-4512-b251-fb606ac621c0,other_fb7b1fcc@nu.edu.pk,Other,User,student,,,,2026-08-21T17:47:12.612Z
c5e6aa3b-4a99-417f-bf01-27eec91bc3c2,perf_student_c5e6aa3b@nu.edu.pk,Perf,Student,student,,,,2026-08-21T17:47:12.600Z
b9692f83-bad4-4c1a-b2bf-06e3e679c994,acad2_student_b9692f83@nu.edu.pk,Academics,Student,student,,,,2026-08-21T17:47:12.469Z
0192aa46-9602-4026-8145-c3024daf38c4,uat_admin_0192aa46@nu.edu.pk,Uat,Admin,admin,,,,2026-08-21T17:47:12.467Z
9d0eaca2-7400-4093-ace0-33632aacea8c,uat_student_9d0eaca2@nu.edu.pk,Uat,Student,student,,,,2026-08-21T17:47:12.462Z
f60385de-d151-42c1-a73e-9983152f5762,push_admin_f60385de@nu.edu.pk,Push,Admin,admin,,,,2026-08-21T17:47:12.385Z
4e10daec-d417-4d34-9ff0-bab2eaf535ef,push_student_4e10daec@nu.edu.pk,Push,Student,student,,,,2026-08-21T17:47:12.375Z
d40049e1-3f59-4c38-bb93-1a5f6f8149a4,mkt2_student_d40049e1@nu.edu.pk,Marketplace,Student,student,,,,2026-08-21T17:45:28.752Z
e18c5dfd-1708-4405-8dd2-7453481faa83,launch_student_e18c5dfd@nu.edu.pk,Launch,Student,student,,,,2026-08-21T17:45:27.459Z
d38247c7-9083-4252-ae72-219f49cb9aba,dash2_student_d38247c7@nu.edu.pk,Dashboard,Student,student,,,,2026-08-21T17:45:27.116Z
3ee74a57-4d10-40ef-b8bb-3f0ddb59afe5,ux_student_3ee74a57@nu.edu.pk,Ux,Student,student,,,,2026-08-21T17:45:26.866Z
c3d3f35a-8020-484c-be4f-eb257deecd82,msg2_student_c3d3f35a@nu.edu.pk,Messaging,Student,student,,,,2026-08-21T17:45:26.427Z
d1fe3273-74ea-4f4f-8779-e956b4fe8037,sec_student_d1fe3273@nu.edu.pk,Security,Student,student,,,,2026-08-21T17:45:26.367Z
f5f27e83-733c-4445-9aec-a5481f8e2ec7,phase14_admin_f5f27e83@nu.edu.pk,Readiness,Admin,admin,,,,2026-08-21T17:45:26.121Z
10d876be-01b0-4e80-b55e-b670cd5ec3fe,phase14_student_10d876be@nu.edu.pk,Readiness,Student,student,,,,2026-08-21T17:45:26.116Z
d2324c3c-397b-4b08-bc62-626a9c881f38,other_d2324c3c@nu.edu.pk,Other,User,student,,,,2026-08-21T17:45:24.957Z
843b5ab2-98a5-4508-89b2-e659c0db1546,ev2_student_843b5ab2@nu.edu.pk,Events,Student,student,,,,2026-08-21T17:45:24.785Z
b689a350-0e36-410b-a1ec-ed49535d1783,push_admin_b689a350@nu.edu.pk,Push,Admin,admin,,,,2026-08-21T17:45:24.643Z
61952438-1777-46e0-8abe-20d4e86cb0c2,push_student_61952438@nu.edu.pk,Push,Student,student,,,,2026-08-21T17:45:24.636Z
a9ab5fd4-ae2b-4f4d-a1ab-5f0adfe32178,uat_admin_a9ab5fd4@nu.edu.pk,Uat,Admin,admin,,,,2026-08-21T17:45:24.230Z
7b3376dc-7edc-4d5f-ac46-448979713f74,uat_student_7b3376dc@nu.edu.pk,Uat,Student,student,,,,2026-08-21T17:45:24.211Z
8f964815-3d4a-4fb4-9985-9fdde97ad0ee,perf_student_8f964815@nu.edu.pk,Perf,Student,student,,,,2026-08-21T17:45:24.127Z
4059981f-1632-43da-8796-3022a0466fa7,notif2_student_4059981f@nu.edu.pk,Notif,Student,student,,,,2026-08-21T17:45:24.108Z
85c160ba-9271-46fb-b52e-e65bdcca1ea7,acad2_student_85c160ba@nu.edu.pk,Academics,Student,student,,,,2026-08-21T17:45:24.019Z
30154a89-4944-40ae-828c-b332cad0008e,search_student_30154a89@nu.edu.pk,Search,Student,student,,,,2026-08-21T17:45:23.892Z
205c9231-4e28-405f-8b6d-aea601b0c092,mkt2_student_205c9231@nu.edu.pk,Marketplace,Student,student,,,,2026-08-21T17:43:21.885Z
ff69da01-57fd-4c01-8da1-415534dd5c17,ux_student_ff69da01@nu.edu.pk,Ux,Student,student,,,,2026-08-21T17:43:21.202Z
ef00cc8f-3d3c-4e73-877d-6f7188eba9fe,launch_student_ef00cc8f@nu.edu.pk,Launch,Student,student,,,,2026-08-21T17:43:20.908Z
cd648dc4-ddb9-4616-9862-c29f15cefee9,sec_student_cd648dc4@nu.edu.pk,Security,Student,student,,,,2026-08-21T17:43:20.890Z
f77d2ff9-3183-459c-bad1-3f4ec2476a9b,dash2_student_f77d2ff9@nu.edu.pk,Dashboard,Student,student,,,,2026-08-21T17:43:20.288Z
e1bc9f65-ce29-4a73-8524-4fc89786ff78,phase14_admin_e1bc9f65@nu.edu.pk,Readiness,Admin,admin,,,,2026-08-21T17:43:20.133Z
977fae32-2335-4dbf-a68b-904d73f03b34,phase14_student_977fae32@nu.edu.pk,Readiness,Student,student,,,,2026-08-21T17:43:20.129Z
8b902aef-f403-44a3-800d-d7fd26efb516,acad2_student_8b902aef@nu.edu.pk,Academics,Student,student,,,,2026-08-21T17:43:19.050Z
b262cf1b-ac7a-4514-87af-3749824970ff,perf_student_b262cf1b@nu.edu.pk,Perf,Student,student,,,,2026-08-21T17:43:18.580Z
4550b1d8-86ca-404d-8968-b9d3776018b4,msg2_student_4550b1d8@nu.edu.pk,Messaging,Student,student,,,,2026-08-21T17:43:18.563Z
9fa47532-76e4-41e3-8c4e-cc7cf8189e0f,uat_admin_9fa47532@nu.edu.pk,Uat,Admin,admin,,,,2026-08-21T17:43:18.427Z
67ad70ca-9444-4c13-bbaa-a977c3588d05,uat_student_67ad70ca@nu.edu.pk,Uat,Student,student,,,,2026-08-21T17:43:18.422Z
624d72aa-2860-4165-802f-08b4cb714d6a,other_624d72aa@nu.edu.pk,Other,User,student,,,,2026-08-21T17:43:18.405Z
53f4f09c-69b9-4752-a202-a8088aca323e,notif2_student_53f4f09c@nu.edu.pk,Notif,Student,student,,,,2026-08-21T17:43:18.385Z
ce646d8c-4007-4741-8465-32d4c0bfb104,push_admin_ce646d8c@nu.edu.pk,Push,Admin,admin,,,,2026-08-21T17:43:18.237Z
7f829763-1ee8-40a3-b558-42d6af483a27,search_student_7f829763@nu.edu.pk,Search,Student,student,,,,2026-08-21T17:43:18.208Z
3ee4bef4-0437-4b7f-8c52-3396844a1f73,push_student_3ee4bef4@nu.edu.pk,Push,Student,student,,,,2026-08-21T17:43:18.200Z
796c650c-d64e-454c-9bc6-5bfb8050b6fe,mkt2_student_796c650c@nu.edu.pk,Marketplace,Student,student,,,,2026-08-21T17:41:45.998Z
5e1dbede-65ae-4ad7-906c-201bcc9b928f,sec_student_5e1dbede@nu.edu.pk,Security,Student,student,,,,2026-08-21T17:41:45.122Z
56e442a6-785c-4158-ac69-cfc07a5c7f6f,ux_student_56e442a6@nu.edu.pk,Ux,Student,student,,,,2026-08-21T17:41:44.258Z
e6d56e23-8d47-4b5b-949b-4b28dd4253d4,phase14_admin_e6d56e23@nu.edu.pk,Readiness,Admin,admin,,,,2026-08-21T17:41:43.934Z
581a5ba1-5c08-4d1c-a8b0-c2a51086bded,launch_student_581a5ba1@nu.edu.pk,Launch,Student,student,,,,2026-08-21T17:41:43.757Z
1c6e699e-bfd9-4cb4-8772-50eb3818bec4,dash2_student_1c6e699e@nu.edu.pk,Dashboard,Student,student,,,,2026-08-21T17:41:43.741Z
60ae20b0-961e-44c0-ad63-adb7c3b6f67b,phase14_student_60ae20b0@nu.edu.pk,Readiness,Student,student,,,,2026-08-21T17:41:43.723Z
aa94a353-3c0e-4362-ac9b-672a4dc7fd83,notif2_student_aa94a353@nu.edu.pk,Notif,Student,student,,,,2026-08-21T17:41:41.906Z
af3ba93a-1986-45fd-a424-fd016ebd0249,uat_admin_af3ba93a@nu.edu.pk,Uat,Admin,admin,,,,2026-08-21T17:41:41.510Z
2b051c72-ba24-4124-a594-5ab7425ea15d,uat_student_2b051c72@nu.edu.pk,Uat,Student,student,,,,2026-08-21T17:41:41.505Z
1c91d64b-6875-432d-b62d-fb9ac761c214,acad2_student_1c91d64b@nu.edu.pk,Academics,Student,student,,,,2026-08-21T17:41:41.471Z
f749f90b-db55-4e8e-aea6-0802347c50d8,other_f749f90b@nu.edu.pk,Other,User,student,,,,2026-08-21T17:41:41.378Z
1862d0e1-9080-4706-a69e-857e882fb5f5,msg2_student_1862d0e1@nu.edu.pk,Messaging,Student,student,,,,2026-08-21T17:41:41.209Z
64722d0e-e186-4619-b3be-98612ee6d8f0,push_admin_64722d0e@nu.edu.pk,Push,Admin,admin,,,,2026-08-21T17:41:41.099Z
14da0110-b46a-4b05-a393-e5d71f860551,push_student_14da0110@nu.edu.pk,Push,Student,student,,,,2026-08-21T17:41:41.094Z
9cb1c09b-d08b-44d7-83ca-f044c3c6665e,perf_student_9cb1c09b@nu.edu.pk,Perf,Student,student,,,,2026-08-21T17:41:41.052Z
f2d336cf-87d5-445c-9362-fb2f6556f798,search_student_f2d336cf@nu.edu.pk,Search,Student,student,,,,2026-08-21T17:41:40.984Z
0aed3868-1c23-40bd-8dea-13d050937290,launch_student_0aed3868@nu.edu.pk,Launch,Student,student,,,,2026-08-21T17:39:28.196Z
fe66803b-42d3-441b-9f6c-13344c66ffb6,ux_student_fe66803b@nu.edu.pk,Ux,Student,student,,,,2026-08-21T17:39:27.390Z
499531a4-73bc-4f53-8cd8-eec722649172,phase14_admin_499531a4@nu.edu.pk,Readiness,Admin,admin,,,,2026-08-21T17:39:26.787Z
f810c63b-45df-4721-befc-9fbcbaedb481,phase14_student_f810c63b@nu.edu.pk,Readiness,Student,student,,,,2026-08-21T17:39:26.766Z
c3297d0d-4f7c-49d3-afac-106145b06247,dash2_student_c3297d0d@nu.edu.pk,Dashboard,Student,student,,,,2026-08-21T17:39:26.624Z
ddedbaa7-1032-4c25-a91c-6c6bad823376,sec_student_ddedbaa7@nu.edu.pk,Security,Student,student,,,,2026-08-21T17:39:26.483Z
838302b2-bd51-41c3-b831-ecec687b4ffd,mkt2_student_838302b2@nu.edu.pk,Marketplace,Student,student,,,,2026-08-21T17:39:26.243Z
c6ab792a-1105-44d3-8dbe-c5ba943c1a5f,acad2_student_c6ab792a@nu.edu.pk,Academics,Student,student,,,,2026-08-21T17:39:24.847Z
7fe1c9fc-378a-4e22-bbf4-8f5f082700d8,uat_admin_7fe1c9fc@nu.edu.pk,Uat,Admin,admin,,,,2026-08-21T17:39:24.783Z
911f3e16-cfda-4d1a-8fa1-e6abcf15b062,uat_student_911f3e16@nu.edu.pk,Uat,Student,student,,,,2026-08-21T17:39:24.777Z
15d9b0ac-b0f4-4509-9eb0-5f9a1284737b,other_15d9b0ac@nu.edu.pk,Other,User,student,,,,2026-08-21T17:39:24.661Z
eb0e4795-6a94-4871-acca-0605f7e735b1,notif2_student_eb0e4795@nu.edu.pk,Notif,Student,student,,,,2026-08-21T17:39:24.643Z
4b378b26-a04f-47bd-b11f-d055602cdb11,search_student_4b378b26@nu.edu.pk,Search,Student,student,,,,2026-08-21T17:39:24.570Z
2abf20c2-bfdd-4f30-b3eb-5df5dacafa83,perf_student_2abf20c2@nu.edu.pk,Perf,Student,student,,,,2026-08-21T17:39:24.502Z
bfbadd06-0c1a-4b25-babd-163e2671b6e4,msg2_student_bfbadd06@nu.edu.pk,Messaging,Student,student,,,,2026-08-21T17:39:24.444Z
7d23035b-8b16-4185-a179-f05328e80d2c,push_admin_7d23035b@nu.edu.pk,Push,Admin,admin,,,,2026-08-21T17:39:24.443Z
1d14ef92-3c22-4036-b0d6-bd061162234c,push_student_1d14ef92@nu.edu.pk,Push,Student,student,,,,2026-08-21T17:39:24.438Z
08a3d2d2-da49-4d66-96ef-334faa98e0b4,launch_student_08a3d2d2@nu.edu.pk,Launch,Student,student,,,,2026-08-21T17:37:15.079Z
a5701390-e1a2-46d9-9899-d9459fea8b74,ux_student_a5701390@nu.edu.pk,Ux,Student,student,,,,2026-08-21T17:37:14.170Z
115ea153-d7e2-43cc-8d23-5ce9274196f3,sec_student_115ea153@nu.edu.pk,Security,Student,student,,,,2026-08-21T17:37:13.770Z
3e8b6679-3bbb-403f-9258-431a5d75c76a,mkt2_student_3e8b6679@nu.edu.pk,Marketplace,Student,student,,,,2026-08-21T17:37:13.752Z
f9824444-5318-4b4a-a181-a23979ea8af7,phase14_admin_f9824444@nu.edu.pk,Readiness,Admin,admin,,,,2026-08-21T17:37:13.205Z
c568336b-fa8b-4ecf-b623-b59aa4d1c0c0,phase14_student_c568336b@nu.edu.pk,Readiness,Student,student,,,,2026-08-21T17:37:13.200Z
ec92d8ce-6a74-445f-864c-a5130611ce41,dash2_student_ec92d8ce@nu.edu.pk,Dashboard,Student,student,,,,2026-08-21T17:37:12.963Z
c8fdcb91-a717-4a8b-9b64-17cccb857bf9,uat_admin_c8fdcb91@nu.edu.pk,Uat,Admin,admin,,,,2026-08-21T17:37:11.519Z
5aec94f8-cbb3-4cf0-be0a-0731f83fda59,uat_student_5aec94f8@nu.edu.pk,Uat,Student,student,,,,2026-08-21T17:37:11.514Z
76b6c3ce-7bee-4d4e-a099-535a77571547,acad2_student_76b6c3ce@nu.edu.pk,Academics,Student,student,,,,2026-08-21T17:37:11.359Z
7f943281-0942-46bd-9b9b-7b69b6ce16b1,msg2_student_7f943281@nu.edu.pk,Messaging,Student,student,,,,2026-08-21T17:37:11.302Z
2af9f373-2765-469e-b153-eec3d08b7e9e,other_2af9f373@nu.edu.pk,Other,User,student,,,,2026-08-21T17:37:11.293Z
92b96ba5-080a-4231-9474-778f709a87c2,perf_student_92b96ba5@nu.edu.pk,Perf,Student,student,,,,2026-08-21T17:37:11.146Z
d1102a28-1519-4103-9d8b-475e71bda3cb,push_admin_d1102a28@nu.edu.pk,Push,Admin,admin,,,,2026-08-21T17:37:11.105Z
992b5953-b060-48cf-9452-ac0c9d99d5ee,push_student_992b5953@nu.edu.pk,Push,Student,student,,,,2026-08-21T17:37:11.100Z
a517222a-6c9f-48a4-b0f6-b02e41028133,notif2_student_a517222a@nu.edu.pk,Notif,Student,student,,,,2026-08-21T17:37:11.073Z
c9107173-6fca-4ebf-bd1f-2c506b41850a,search_student_c9107173@nu.edu.pk,Search,Student,student,,,,2026-08-21T17:37:10.868Z
508cdbef-c93b-40f7-b528-f7e137dc5bf7,dash2_student_508cdbef@nu.edu.pk,Dashboard,Student,student,,,,2026-08-21T17:35:49.305Z
81eb1b30-5949-4065-a0b2-e823de3151d8,phase14_admin_81eb1b30@nu.edu.pk,Readiness,Admin,admin,,,,2026-08-21T17:35:48.788Z
a2e2ada1-f86a-4994-818e-50d172392b23,phase14_student_a2e2ada1@nu.edu.pk,Readiness,Student,student,,,,2026-08-21T17:35:48.784Z
a171e703-ab4f-43a2-b947-15fc15cf3e95,mkt2_student_a171e703@nu.edu.pk,Marketplace,Student,student,,,,2026-08-21T17:35:48.524Z
b7b48707-1575-4f98-a918-d6982a85db1a,ux_student_b7b48707@nu.edu.pk,Ux,Student,student,,,,2026-08-21T17:35:47.888Z
4e974507-aaa2-440d-bbfb-084f809235ad,sec_student_4e974507@nu.edu.pk,Security,Student,student,,,,2026-08-21T17:35:47.822Z
a421f36d-5b69-4af0-8bdd-aa0721b114ab,launch_student_a421f36d@nu.edu.pk,Launch,Student,student,,,,2026-08-21T17:35:47.508Z
aba1f68e-5b9f-4f3a-baec-b34d3a61d655,acad2_student_aba1f68e@nu.edu.pk,Academics,Student,student,,,,2026-08-21T17:35:46.760Z
87a6a2ba-0d75-49f7-a291-2b2db4298657,uat_admin_87a6a2ba@nu.edu.pk,Uat,Admin,admin,,,,2026-08-21T17:35:46.406Z
64b230e2-1cde-4eef-8fd1-d4e7d2a27f82,other_64b230e2@nu.edu.pk,Other,User,student,,,,2026-08-21T17:35:46.404Z
854d302e-54f8-49a2-88e1-b784ffa37d43,uat_student_854d302e@nu.edu.pk,Uat,Student,student,,,,2026-08-21T17:35:46.402Z
aeb729ee-4af0-4192-ada3-81de84a3cac0,perf_student_aeb729ee@nu.edu.pk,Perf,Student,student,,,,2026-08-21T17:35:46.228Z
7a3a93c4-d243-49b2-bf46-92c70e0898ea,notif2_student_7a3a93c4@nu.edu.pk,Notif,Student,student,,,,2026-08-21T17:35:46.187Z
e6ab23c6-b8d3-4915-b5c9-00220678fedc,push_admin_e6ab23c6@nu.edu.pk,Push,Admin,admin,,,,2026-08-21T17:35:46.179Z
2bb1e011-8254-4c97-bd4e-47a71a0c5b85,push_student_2bb1e011@nu.edu.pk,Push,Student,student,,,,2026-08-21T17:35:46.176Z
f5585a02-57a5-48f1-acec-e45dd81fc169,search_student_f5585a02@nu.edu.pk,Search,Student,student,,,,2026-08-21T17:35:46.169Z
82d5c205-814e-4b8e-bedb-87a1fbec0b98,msg2_student_82d5c205@nu.edu.pk,Messaging,Student,student,,,,2026-08-21T17:35:46.169Z
a133c3bb-5ec6-4710-8566-7eb14dab711f,ux_student_a133c3bb@nu.edu.pk,Ux,Student,student,,,,2026-08-21T17:33:46.569Z
7c0774b2-7f6e-417e-9145-79aa6a83b0fc,sec_student_7c0774b2@nu.edu.pk,Security,Student,student,,,,2026-08-21T17:33:45.248Z
7ee9b9d9-6184-4264-9ec5-88663524add0,mkt2_student_7ee9b9d9@nu.edu.pk,Marketplace,Student,student,,,,2026-08-21T17:33:44.055Z
7c47b9c0-ae46-4c98-8ca3-f5a4fe7a6a92,dash2_student_7c47b9c0@nu.edu.pk,Dashboard,Student,student,,,,2026-08-21T17:33:43.858Z
22f44d04-09c8-4210-b20e-f7755541cb31,phase14_admin_22f44d04@nu.edu.pk,Readiness,Admin,admin,,,,2026-08-21T17:33:43.632Z
c93f2192-006c-4165-8e20-b437edd1d955,phase14_student_c93f2192@nu.edu.pk,Readiness,Student,student,,,,2026-08-21T17:33:43.629Z
25acabdd-9a3f-4a8e-85e5-6253127e470f,notif2_student_25acabdd@nu.edu.pk,Notif,Student,student,,,,2026-08-21T17:33:42.250Z
26a03660-c8ea-466c-9927-22b84cfc5981,other_26a03660@nu.edu.pk,Other,User,student,,,,2026-08-21T17:33:41.851Z
bbe12c20-a580-42fd-8a89-d3d722a6e5a5,launch_student_bbe12c20@nu.edu.pk,Launch,Student,student,,,,2026-08-21T17:33:41.808Z
61ca654b-90e4-4238-aa22-52b9f6cf1a74,msg2_student_61ca654b@nu.edu.pk,Messaging,Student,student,,,,2026-08-21T17:33:41.799Z
40444000-ce90-4352-8c37-66ce5e6c6475,push_admin_40444000@nu.edu.pk,Push,Admin,admin,,,,2026-08-21T17:33:41.641Z
f2c7940f-af22-4022-9753-60787595e18f,push_student_f2c7940f@nu.edu.pk,Push,Student,student,,,,2026-08-21T17:33:41.636Z
16060665-626f-4e85-bec9-fb80ddaa83c8,search_student_16060665@nu.edu.pk,Search,Student,student,,,,2026-08-21T17:33:41.358Z
166e4c27-c7fb-4837-84ea-faf737b86d5c,perf_student_166e4c27@nu.edu.pk,Perf,Student,student,,,,2026-08-21T17:33:41.306Z
47afdbaa-0890-4c7e-8f44-307ba24aa021,uat_admin_47afdbaa@nu.edu.pk,Uat,Admin,admin,,,,2026-08-21T17:33:41.287Z
4ff936f4-de43-4503-a927-62b843bc31cd,uat_student_4ff936f4@nu.edu.pk,Uat,Student,student,,,,2026-08-21T17:33:41.274Z
3e636543-89b7-4ddc-9137-13279f1b64f6,phase14_admin_3e636543@nu.edu.pk,Readiness,Admin,admin,,,,2026-08-21T17:31:52.672Z
fe265218-5cbb-43ab-a440-6db3cee31f53,phase14_student_fe265218@nu.edu.pk,Readiness,Student,student,,,,2026-08-21T17:31:52.666Z
609542a4-f07c-47d4-8f04-0dc6bad78dc1,sec_student_609542a4@nu.edu.pk,Security,Student,student,,,,2026-08-21T17:31:52.243Z
e6373d32-6c50-486c-b63e-44c4bacfb1d4,dash2_student_e6373d32@nu.edu.pk,Dashboard,Student,student,,,,2026-08-21T17:31:51.862Z
ec4f396c-73d5-42d0-9fa9-4d5f081255d6,ux_student_ec4f396c@nu.edu.pk,Ux,Student,student,,,,2026-08-21T17:31:51.012Z
50ff4f58-9874-41f6-af02-67b2ae960310,msg2_student_50ff4f58@nu.edu.pk,Messaging,Student,student,,,,2026-08-21T17:31:49.527Z
93edc0b7-9afe-4078-9427-a8ecea65b798,uat_admin_93edc0b7@nu.edu.pk,Uat,Admin,admin,,,,2026-08-21T17:31:48.756Z
3cd54faf-367e-4aa0-84b4-2310a692d1c4,uat_student_3cd54faf@nu.edu.pk,Uat,Student,student,,,,2026-08-21T17:31:48.747Z
fe2d1368-9a5e-46aa-a640-09ee3b3df37c,other_fe2d1368@nu.edu.pk,Other,User,student,,,,2026-08-21T17:31:48.481Z
339f7eb7-b8e3-4c84-9349-285c9d3fd0c3,mkt2_student_339f7eb7@nu.edu.pk,Marketplace,Student,student,,,,2026-08-21T17:31:48.464Z
f5485aa7-01db-4f7d-a961-1f16747ae944,perf_student_f5485aa7@nu.edu.pk,Perf,Student,student,,,,2026-08-21T17:31:48.332Z
9b8bf63e-8efb-45d6-8d7f-4791794f34ce,launch_student_9b8bf63e@nu.edu.pk,Launch,Student,student,,,,2026-08-21T17:31:48.307Z
b7e805d7-9208-460e-afdd-0c6a89d68a88,search_student_b7e805d7@nu.edu.pk,Search,Student,student,,,,2026-08-21T17:31:48.271Z
c92e0322-18d3-46f2-bc4e-cee1a1baab05,push_admin_c92e0322@nu.edu.pk,Push,Admin,admin,,,,2026-08-21T17:31:48.117Z
b82e32d4-5eb5-4ae6-a74d-13ab4a1e69e3,push_student_b82e32d4@nu.edu.pk,Push,Student,student,,,,2026-08-21T17:31:48.103Z
063f36b8-d958-4f84-87ac-91c9fc2e1051,sec_student_063f36b8@nu.edu.pk,Security,Student,student,,,,2026-08-21T17:29:25.030Z
099c062d-9692-487e-a28d-ab9074e5ed60,phase14_admin_099c062d@nu.edu.pk,Readiness,Admin,admin,,,,2026-08-21T17:29:24.962Z
2f658e57-b4d8-4fb0-8ee4-fc6d0d7682c3,phase14_student_2f658e57@nu.edu.pk,Readiness,Student,student,,,,2026-08-21T17:29:24.958Z
5e4b6aec-9d76-4603-b090-9e0150dc6282,dash2_student_5e4b6aec@nu.edu.pk,Dashboard,Student,student,,,,2026-08-21T17:29:24.816Z
b9a551cf-9b32-4742-a2f1-877cf5fe7280,mkt2_student_b9a551cf@nu.edu.pk,Marketplace,Student,student,,,,2026-08-21T17:29:22.187Z
9fb0cc36-2102-4a86-9070-df62a3631e1a,other_9fb0cc36@nu.edu.pk,Other,User,student,,,,2026-08-21T17:29:22.045Z
ce22f418-1cab-44a4-be1e-4c31e0867413,uat_admin_ce22f418@nu.edu.pk,Uat,Admin,admin,,,,2026-08-21T17:29:21.885Z
6b2720e4-d99d-4505-bf91-0b6e9ab44629,uat_student_6b2720e4@nu.edu.pk,Uat,Student,student,,,,2026-08-21T17:29:21.874Z
3c4d7aa3-deb7-4202-864a-15d3be3a3c31,perf_student_3c4d7aa3@nu.edu.pk,Perf,Student,student,,,,2026-08-21T17:29:21.750Z
3afa3e71-94ff-4efb-a8b3-97fc1d7fb1b2,push_admin_3afa3e71@nu.edu.pk,Push,Admin,admin,,,,2026-08-21T17:29:21.711Z
9616d31e-9508-48b0-bc10-984985ab6e42,push_student_9616d31e@nu.edu.pk,Push,Student,student,,,,2026-08-21T17:29:21.642Z
9b2ed6de-7a7d-47f3-a36b-92e6142c8a51,launch_student_9b2ed6de@nu.edu.pk,Launch,Student,student,,,,2026-08-21T17:29:21.624Z
b188c3c3-c951-4e64-a800-d05084c7577d,ux_student_b188c3c3@nu.edu.pk,Ux,Student,student,,,,2026-08-21T17:29:21.606Z
6476c547-5f80-49c1-8dca-97875b0421fd,search_student_6476c547@nu.edu.pk,Search,Student,student,,,,2026-08-21T17:29:21.606Z
7b35f8ce-4c9e-4296-b4b7-d854ca0bc7cd,dash2_student_7b35f8ce@nu.edu.pk,Dashboard,Student,student,,,,2026-08-21T17:27:31.231Z
55e22899-7d85-4bd2-9fe0-75d628c8c6e4,phase14_admin_55e22899@nu.edu.pk,Readiness,Admin,admin,,,,2026-08-21T17:27:30.783Z
0e811b1c-1f8b-46ca-a326-70b824c89e03,phase14_student_0e811b1c@nu.edu.pk,Readiness,Student,student,,,,2026-08-21T17:27:30.777Z
a2cf6c56-8405-47a5-9dd3-4f6adbf5fadd,sec_student_a2cf6c56@nu.edu.pk,Security,Student,student,,,,2026-08-21T17:27:30.756Z
74cdbb22-c5f9-482f-b6ea-e031240028c7,ux_student_74cdbb22@nu.edu.pk,Ux,Student,student,,,,2026-08-21T17:27:28.927Z
17534606-ac4f-4832-9422-8f326b41bcc4,search_student_17534606@nu.edu.pk,Search,Student,student,,,,2026-08-21T17:27:28.786Z
b699083f-736d-4d93-9716-abd82024b8d0,other_b699083f@nu.edu.pk,Other,User,student,,,,2026-08-21T17:27:28.699Z
6c36f7f9-bc08-4b98-aaf7-fe47e77ca744,launch_student_6c36f7f9@nu.edu.pk,Launch,Student,student,,,,2026-08-21T17:27:28.633Z
ee399c10-4c6f-4d50-b11d-2ff895dabe2b,push_admin_ee399c10@nu.edu.pk,Push,Admin,admin,,,,2026-08-21T17:27:28.496Z
a6feb7e6-0c45-43f7-8d41-1403579b4d27,push_student_a6feb7e6@nu.edu.pk,Push,Student,student,,,,2026-08-21T17:27:28.492Z
5eb2fc3e-cefe-46a8-b7a3-d10c6beb4538,uat_admin_5eb2fc3e@nu.edu.pk,Uat,Admin,admin,,,,2026-08-21T17:27:28.479Z
5a9f19b3-3aaa-45d0-b369-fadebcd6baec,uat_student_5a9f19b3@nu.edu.pk,Uat,Student,student,,,,2026-08-21T17:27:28.475Z
79678a3f-0964-4563-9cdc-8ae75ffe8b58,perf_student_79678a3f@nu.edu.pk,Perf,Student,student,,,,2026-08-21T17:27:28.441Z
36dd901c-223f-4d7b-bfd9-1f72a28283a2,sec_student_36dd901c@nu.edu.pk,Security,Student,student,,,,2026-08-21T17:25:38.596Z
3e220cac-241e-46f3-a47f-65e8441b63d0,phase14_admin_3e220cac@nu.edu.pk,Readiness,Admin,admin,,,,2026-08-21T17:25:38.097Z
1976ed31-6559-4edf-9d36-08d2a641eab3,phase14_student_1976ed31@nu.edu.pk,Readiness,Student,student,,,,2026-08-21T17:25:38.093Z
a209b825-1928-4a37-b1bc-9a867c6e1946,ux_student_a209b825@nu.edu.pk,Ux,Student,student,,,,2026-08-21T17:25:35.235Z
7f35bbf6-c6ce-4dbb-afbf-7588d7fc0a32,perf_student_7f35bbf6@nu.edu.pk,Perf,Student,student,,,,2026-08-21T17:25:35.043Z
ccd7857d-1ff9-472e-891d-136dcc48b7e6,launch_student_ccd7857d@nu.edu.pk,Launch,Student,student,,,,2026-08-21T17:25:34.831Z
9dda34e3-acdd-4bf9-8c18-bd94cb82388f,other_9dda34e3@nu.edu.pk,Other,User,student,,,,2026-08-21T17:25:34.815Z
7f24675a-8525-4f53-8ba2-c49aaf56dff3,push_admin_7f24675a@nu.edu.pk,Push,Admin,admin,,,,2026-08-21T17:25:34.650Z
ecf17acc-f80b-4cb0-8638-8592f45f8541,push_student_ecf17acc@nu.edu.pk,Push,Student,student,,,,2026-08-21T17:25:34.633Z
d2de9f26-584f-44cc-9a61-6719b2f0e28f,uat_admin_d2de9f26@nu.edu.pk,Uat,Admin,admin,,,,2026-08-21T17:25:34.540Z
7b3d9faa-09b1-4c5f-a9ed-5be6e83ef328,uat_student_7b3d9faa@nu.edu.pk,Uat,Student,student,,,,2026-08-21T17:25:34.532Z
9e401b25-6176-4cf4-99c3-8ec8a9a6af7e,dash2_student_9e401b25@nu.edu.pk,Dashboard,Student,student,,,,2026-08-21T17:25:34.234Z
062e7bba-55c6-4f68-973d-143bc059fe4d,phase14_admin_062e7bba@nu.edu.pk,Readiness,Admin,admin,,,,2026-08-21T17:25:06.068Z
db1ae883-9395-40b9-9dc0-e0fe2bbbbd0e,phase14_student_db1ae883@nu.edu.pk,Readiness,Student,student,,,,2026-08-21T17:25:06.065Z
1f139310-ba03-43ff-b1ec-120a82ef657c,sec_student_1f139310@nu.edu.pk,Security,Student,student,,,,2026-08-21T17:25:05.791Z
b41f20f8-b50d-4bc9-9be4-d9ba326db23d,dash2_student_b41f20f8@nu.edu.pk,Dashboard,Student,student,,,,2026-08-21T17:25:03.971Z
4be1fc97-c962-4555-9145-b4f94c3bc316,other_4be1fc97@nu.edu.pk,Other,User,student,,,,2026-08-21T17:25:03.302Z
a7b5da0b-1041-4df5-8c83-b78a84dbe1f9,launch_student_a7b5da0b@nu.edu.pk,Launch,Student,student,,,,2026-08-21T17:25:03.168Z
1e5b49be-3d95-407a-91e3-8f6157b033b8,uat_admin_1e5b49be@nu.edu.pk,Uat,Admin,admin,,,,2026-08-21T17:25:03.050Z
2dea362b-6ad0-4cf6-8022-4ed7f27c1d3c,uat_student_2dea362b@nu.edu.pk,Uat,Student,student,,,,2026-08-21T17:25:03.046Z
888a5601-02f8-4dfe-9b89-b3bb44bd7539,ux_student_888a5601@nu.edu.pk,Ux,Student,student,,,,2026-08-21T17:25:02.951Z
918e7ff1-8172-4e16-8ab9-38f0e238e130,perf_student_918e7ff1@nu.edu.pk,Perf,Student,student,,,,2026-08-21T17:25:02.920Z
c2420bd0-c542-497a-8c25-5e2785a5644e,push_admin_c2420bd0@nu.edu.pk,Push,Admin,admin,,,,2026-08-21T17:25:02.885Z
290a3c28-1e79-4cf9-ba7c-c62954434f7e,push_student_290a3c28@nu.edu.pk,Push,Student,student,,,,2026-08-21T17:25:02.871Z
a185d75e-4959-4f1d-8b4b-d91515182d1f,phase14_admin_a185d75e@nu.edu.pk,Readiness,Admin,admin,,,,2026-08-21T17:23:11.088Z
43c37451-ba4d-4ce6-b1f2-b48133471941,phase14_student_43c37451@nu.edu.pk,Readiness,Student,student,,,,2026-08-21T17:23:11.083Z
a5a1597c-5e00-4433-a67a-150653bb15fc,other_a5a1597c@nu.edu.pk,Other,User,student,,,,2026-08-21T17:23:08.956Z
03a40fdd-5309-4812-9bcd-11c34e8073bf,launch_student_03a40fdd@nu.edu.pk,Launch,Student,student,,,,2026-08-21T17:23:08.907Z
5cb9c821-feb9-4d63-af83-fdd3e3c378c3,push_admin_5cb9c821@nu.edu.pk,Push,Admin,admin,,,,2026-08-21T17:23:08.818Z
6d0aa8d4-3a95-4c80-b5ec-404c45ab1175,push_student_6d0aa8d4@nu.edu.pk,Push,Student,student,,,,2026-08-21T17:23:08.812Z
7ba253a3-383e-4889-8f2c-e8478e637146,ux_student_7ba253a3@nu.edu.pk,Ux,Student,student,,,,2026-08-21T17:23:08.695Z
58459e45-17a1-4568-a52b-3b0dd01b8b55,perf_student_58459e45@nu.edu.pk,Perf,Student,student,,,,2026-08-21T17:23:08.647Z
a6e9371a-fa06-4c83-95b3-cc9ed9ad90ae,uat_admin_a6e9371a@nu.edu.pk,Uat,Admin,admin,,,,2026-08-21T17:23:08.477Z
16056a20-4249-40ed-b2fb-38fb4f960624,uat_student_16056a20@nu.edu.pk,Uat,Student,student,,,,2026-08-21T17:23:08.472Z
71bb051b-3039-4ada-9c55-7d1de0b63c19,sec_student_71bb051b@nu.edu.pk,Security,Student,student,,,,2026-08-21T17:23:08.413Z
9d8c40a2-affa-4749-9dfb-8c37248e66aa,phase14_admin_9d8c40a2@nu.edu.pk,Readiness,Admin,admin,,,,2026-08-21T17:16:55.061Z
78ceb31f-9e40-4697-bf50-fa53bf2cc631,phase14_student_78ceb31f@nu.edu.pk,Readiness,Student,student,,,,2026-08-21T17:16:55.056Z
b1a16d79-3fd8-4777-836b-f323522bbc16,ux_student_b1a16d79@nu.edu.pk,Ux,Student,student,,,,2026-08-21T17:16:52.133Z
79e1d49c-02be-41b8-b051-cefc90ebfd14,uat_admin_79e1d49c@nu.edu.pk,Uat,Admin,admin,,,,2026-08-21T17:16:51.872Z
17168319-00f6-4648-9446-8638ba9462fa,perf_student_17168319@nu.edu.pk,Perf,Student,student,,,,2026-08-21T17:16:51.867Z
c20354a7-284b-4f51-b06a-fcc31b2ae2a7,uat_student_c20354a7@nu.edu.pk,Uat,Student,student,,,,2026-08-21T17:16:51.867Z
492fb2a7-fadf-47fc-beef-30115a3632ea,launch_student_492fb2a7@nu.edu.pk,Launch,Student,student,,,,2026-08-21T17:16:51.565Z
74d68bfd-e306-416e-85f0-12ff1719a515,other_74d68bfd@nu.edu.pk,Other,User,student,,,,2026-08-21T17:16:51.548Z
14ba08d9-4f93-44bd-bb14-66e07867d7fc,sec_student_14ba08d9@nu.edu.pk,Security,Student,student,,,,2026-08-21T17:16:51.409Z
d35204df-8004-4c6d-bb8a-8036625c3674,push_admin_d35204df@nu.edu.pk,Push,Admin,admin,,,,2026-08-21T17:16:51.182Z
b4f43d9e-7404-4650-80d8-1c6bab667873,push_student_b4f43d9e@nu.edu.pk,Push,Student,student,,,,2026-08-21T17:16:51.166Z
be7289a8-adde-4019-a1a2-4ec713cbfab0,launch_student_be7289a8@nu.edu.pk,Launch,Student,student,,,,2026-08-21T17:07:54.957Z
112a258f-130f-4d88-8929-6d2ba7d0a6e9,sec_student_112a258f@nu.edu.pk,Security,Student,student,,,,2026-08-21T17:07:54.638Z
b00c10fb-efd6-45ba-9f09-4aa5d779616c,other_b00c10fb@nu.edu.pk,Other,User,student,,,,2026-08-21T17:07:54.545Z
f0d34533-7ae4-4b95-bb8b-d24d529d460c,push_admin_f0d34533@nu.edu.pk,Push,Admin,admin,,,,2026-08-21T17:07:54.421Z
dd1f4f1b-0444-4d5e-a849-01e15799306f,push_student_dd1f4f1b@nu.edu.pk,Push,Student,student,,,,2026-08-21T17:07:54.416Z
a59c1a64-31ac-4e39-a6c0-5ee8b1e1af09,uat_admin_a59c1a64@nu.edu.pk,Uat,Admin,admin,,,,2026-08-21T17:07:54.230Z
f824249b-4761-4954-b063-6a46c2accae3,uat_student_f824249b@nu.edu.pk,Uat,Student,student,,,,2026-08-21T17:07:54.225Z
08212727-594b-4c67-93b6-c158594968b5,perf_student_08212727@nu.edu.pk,Perf,Student,student,,,,2026-08-21T17:07:54.126Z
6fc5489a-5037-4e5d-a3ca-0d708502cc4b,phase14_admin_6fc5489a@nu.edu.pk,Readiness,Admin,admin,,,,2026-08-21T17:07:54.037Z
e2de9ae1-e717-41b0-a23a-04bffdb8e294,phase14_student_e2de9ae1@nu.edu.pk,Readiness,Student,student,,,,2026-08-21T17:07:54.030Z
3950ad77-b8cc-4557-bdf7-60f141195048,perf_student_3950ad77@nu.edu.pk,Perf,Student,student,,,,2026-08-21T17:07:28.093Z
3a294e59-a8ba-468f-8f87-312928db4bbe,other_3a294e59@nu.edu.pk,Other,User,student,,,,2026-08-21T17:07:27.963Z
c5ca92f7-7191-4c08-9169-b79733754f29,phase14_admin_c5ca92f7@nu.edu.pk,Readiness,Admin,admin,,,,2026-08-21T17:07:27.828Z
f0658525-265a-425b-a089-ece7787e800b,phase14_student_f0658525@nu.edu.pk,Readiness,Student,student,,,,2026-08-21T17:07:27.821Z
83299f8a-a936-49e7-9a7c-9acb9c971fac,sec_student_83299f8a@nu.edu.pk,Security,Student,student,,,,2026-08-21T17:07:27.507Z
9f80e0d9-6443-4e77-948f-1fa05f5e1962,uat_admin_9f80e0d9@nu.edu.pk,Uat,Admin,admin,,,,2026-08-21T17:07:27.494Z
21cd27e2-f63a-4a5f-81fc-82c681a63cd4,uat_student_21cd27e2@nu.edu.pk,Uat,Student,student,,,,2026-08-21T17:07:27.489Z
9dab47c2-3523-4ee8-8ab1-7fb0a26186bc,push_admin_9dab47c2@nu.edu.pk,Push,Admin,admin,,,,2026-08-21T17:07:27.415Z
375f5928-748a-4b4b-b655-49bfe26958fd,push_student_375f5928@nu.edu.pk,Push,Student,student,,,,2026-08-21T17:07:27.406Z
e1746434-79ee-45d8-9224-024777c1c0bc,other_e1746434@nu.edu.pk,Other,User,student,,,,2026-08-21T17:04:06.078Z
b390427a-0f08-4963-86b2-71e149dd1827,sec_student_b390427a@nu.edu.pk,Security,Student,student,,,,2026-08-21T17:04:05.897Z
58d9fdab-c5e0-4edb-b10d-07c6dc1029e4,perf_student_58d9fdab@nu.edu.pk,Perf,Student,student,,,,2026-08-21T17:04:05.868Z
c0fd0110-15a8-493b-8fb8-e6f5b4c9b3d4,uat_admin_c0fd0110@nu.edu.pk,Uat,Admin,admin,,,,2026-08-21T17:04:05.852Z
1d95fc73-ab4d-4cff-aa20-28c0c7058a49,uat_student_1d95fc73@nu.edu.pk,Uat,Student,student,,,,2026-08-21T17:04:05.806Z
62cb2ef8-4d29-4cc1-b2f0-70980496581b,push_admin_62cb2ef8@nu.edu.pk,Push,Admin,admin,,,,2026-08-21T17:04:05.759Z
6d8576bb-3ab7-4874-a07b-05c68d16a94b,push_student_6d8576bb@nu.edu.pk,Push,Student,student,,,,2026-08-21T17:04:05.754Z
8aaa5e1a-f2fc-4c28-90a3-e92278de6a8b,phase14_admin_8aaa5e1a@nu.edu.pk,Readiness,Admin,admin,,,,2026-08-21T17:04:05.754Z
84674176-9730-4f02-891e-ed274b8ab84c,phase14_student_84674176@nu.edu.pk,Readiness,Student,student,,,,2026-08-21T17:04:05.676Z
6e46a1bf-76e3-47f9-9a2a-719ff8ef5f3c,phase14_admin_6e46a1bf@nu.edu.pk,Readiness,Admin,admin,,,,2026-08-21T16:57:14.052Z
c19564ac-c8d2-467d-ae6a-34360cc8b01b,phase14_student_c19564ac@nu.edu.pk,Readiness,Student,student,,,,2026-08-21T16:57:14.047Z
a2063807-2eb6-42c9-942b-f37ca931ad04,other_a2063807@nu.edu.pk,Other,User,student,,,,2026-08-21T16:57:13.833Z
46269370-1996-48ef-b629-62531a265c65,push_admin_46269370@nu.edu.pk,Push,Admin,admin,,,,2026-08-21T16:57:13.534Z
9d224eea-5f40-45d4-8fe9-6d9255cd616f,push_student_9d224eea@nu.edu.pk,Push,Student,student,,,,2026-08-21T16:57:13.528Z
a27bbc86-b78f-4891-adbb-e09e5aa8d361,uat_admin_a27bbc86@nu.edu.pk,Uat,Admin,admin,,,,2026-08-21T16:57:13.515Z
aef874e5-7a40-4d52-ac2c-788b26a49474,uat_student_aef874e5@nu.edu.pk,Uat,Student,student,,,,2026-08-21T16:57:13.507Z
6d988832-9811-4cac-b205-ce016d80b004,sec_student_6d988832@nu.edu.pk,Security,Student,student,,,,2026-08-21T16:57:13.114Z
77c5a382-434a-4cc3-80ee-555ca72214da,perf_student_77c5a382@nu.edu.pk,Perf,Student,student,,,,2026-08-21T16:57:12.960Z
3a4fc414-1fcd-4ef8-80ce-5e599ec4f0ea,uat_admin_3a4fc414@nu.edu.pk,Uat,Admin,admin,,,,2026-08-21T16:56:05.461Z
83ae4f26-f7e8-4354-a49c-4f05730e27b6,uat_student_83ae4f26@nu.edu.pk,Uat,Student,student,,,,2026-08-21T16:56:05.455Z
c6787764-3520-4ae8-9308-493f082ab4f2,other_c6787764@nu.edu.pk,Other,User,student,,,,2026-08-21T16:56:04.720Z
5124750b-1946-443a-a12c-7bbac5f316ed,push_admin_5124750b@nu.edu.pk,Push,Admin,admin,,,,2026-08-21T16:56:04.317Z
77be9e92-a20b-4e7d-bced-64e95a74463e,push_student_77be9e92@nu.edu.pk,Push,Student,student,,,,2026-08-21T16:56:04.307Z
b6ea578a-3093-4926-9d7c-a4fae3ed7f06,sec_student_b6ea578a@nu.edu.pk,Security,Student,student,,,,2026-08-21T16:56:04.224Z
39b27e41-4823-4a14-aa62-12d9c5b74fa3,phase14_admin_39b27e41@nu.edu.pk,Readiness,Admin,admin,,,,2026-08-21T16:56:03.904Z
ec8a8eaa-7494-4257-96ed-99ca8d1e7da7,phase14_student_ec8a8eaa@nu.edu.pk,Readiness,Student,student,,,,2026-08-21T16:56:03.777Z
d34df474-eb46-4519-8226-186c3a53eb20,perf_student_d34df474@nu.edu.pk,Perf,Student,student,,,,2026-08-21T16:56:03.028Z
7f32982d-cbbc-4e59-a50d-f2b404520206,phase14_admin_7f32982d@nu.edu.pk,Readiness,Admin,admin,,,,2026-08-21T16:51:24.653Z
441de854-1c5c-4713-849d-4005bcadbad0,phase14_student_441de854@nu.edu.pk,Readiness,Student,student,,,,2026-08-21T16:51:24.644Z
42ec65a7-edd9-49bb-837f-d4f130324553,other_42ec65a7@nu.edu.pk,Other,User,student,,,,2026-08-21T16:51:24.106Z
5e6c4d7d-8adf-4add-bb4e-f484a8cb4ff6,sec_student_5e6c4d7d@nu.edu.pk,Security,Student,student,,,,2026-08-21T16:51:24.038Z
f4bc6fe4-d588-4271-82e4-9c368781cd79,push_admin_f4bc6fe4@nu.edu.pk,Push,Admin,admin,,,,2026-08-21T16:51:23.806Z
f1a230de-e152-47de-9ea1-5251a611a1ff,push_student_f1a230de@nu.edu.pk,Push,Student,student,,,,2026-08-21T16:51:23.799Z
5dba9a8f-bc34-4e28-a327-7161f78e8fc4,perf_student_5dba9a8f@nu.edu.pk,Perf,Student,student,,,,2026-08-21T16:51:23.583Z
3d542736-289f-432c-a1e4-a854c9f3d922,phase14_admin_3d542736@nu.edu.pk,Readiness,Admin,admin,,,,2026-08-21T16:37:26.803Z
c20e4583-d36a-4d7d-b824-63447a2bab2e,phase14_student_c20e4583@nu.edu.pk,Readiness,Student,student,,,,2026-08-21T16:37:26.794Z
2d1b5ce1-b75f-4878-8de4-4fa0b601bbc6,sec_student_2d1b5ce1@nu.edu.pk,Security,Student,student,,,,2026-08-21T16:37:26.630Z
750dc7e8-76d3-43e9-8f18-d1f6b17168a3,other_750dc7e8@nu.edu.pk,Other,User,student,,,,2026-08-21T16:37:26.291Z
2d4d1429-2dfe-46e6-b97d-af6d1d1ca290,push_admin_2d4d1429@nu.edu.pk,Push,Admin,admin,,,,2026-08-21T16:37:26.092Z
712ac193-dd35-40ad-9a8b-9bc06616f0ab,push_student_712ac193@nu.edu.pk,Push,Student,student,,,,2026-08-21T16:37:26.085Z
20f3f4ee-96d1-497d-88d6-9a1de9c78fee,sec_student_20f3f4ee@nu.edu.pk,Security,Student,student,,,,2026-08-21T16:36:41.978Z
a1c79696-9f6d-49f4-9663-6f223c9fbfef,other_a1c79696@nu.edu.pk,Other,User,student,,,,2026-08-21T16:36:40.426Z
e13838c3-6b64-432f-83a5-9f457011e9b1,push_admin_e13838c3@nu.edu.pk,Push,Admin,admin,,,,2026-08-21T16:36:39.745Z
5a38c2a4-3201-4870-912e-59de46e8b1b7,push_student_5a38c2a4@nu.edu.pk,Push,Student,student,,,,2026-08-21T16:36:39.739Z
c019b76d-50a8-44d6-b4c2-1e67090cf290,phase14_admin_c019b76d@nu.edu.pk,Readiness,Admin,admin,,,,2026-08-21T16:36:39.530Z
a6c0ead2-682d-4572-8bfd-04ceaeb66647,phase14_student_a6c0ead2@nu.edu.pk,Readiness,Student,student,,,,2026-08-21T16:36:39.518Z
4d394ad3-b3a5-4f1a-88d2-9dc4f40201aa,other_4d394ad3@nu.edu.pk,Other,User,student,,,,2026-08-21T15:38:44.686Z
25bdcb62-1860-457b-852a-806449d86c74,push_admin_25bdcb62@nu.edu.pk,Push,Admin,admin,,,,2026-08-21T15:38:44.424Z
f9e6550b-4898-4dd5-849d-1c8c20b4ed16,push_student_f9e6550b@nu.edu.pk,Push,Student,student,,,,2026-08-21T15:38:44.418Z
ab417326-6886-4394-b521-be8aa40b57ee,phase14_admin_ab417326@nu.edu.pk,Readiness,Admin,admin,,,,2026-08-21T15:38:44.331Z
433138b6-a812-451f-ba80-18c05c552a5a,phase14_student_433138b6@nu.edu.pk,Readiness,Student,student,,,,2026-08-21T15:38:44.319Z
e3183946-2edd-426b-80d5-e0c514617666,other_e3183946@nu.edu.pk,Other,User,student,,,,2026-08-21T13:47:42.880Z
f957526c-2028-4868-a334-47ad797d5d79,push_admin_f957526c@nu.edu.pk,Push,Admin,admin,,,,2026-08-21T13:47:42.709Z
fb158020-fe27-433c-9b56-cd8ce95a632c,push_student_fb158020@nu.edu.pk,Push,Student,student,,,,2026-08-21T13:47:42.705Z
30d13694-2284-40bd-a718-8190934e81b3,phase14_admin_30d13694@nu.edu.pk,Readiness,Admin,admin,,,,2026-08-21T13:47:41.778Z
a1c1e091-3516-4110-bd01-a4e7d3f9c559,phase14_student_a1c1e091@nu.edu.pk,Readiness,Student,student,,,,2026-08-21T13:47:41.773Z
abe8d6af-7d05-4f8e-9842-bf7d73cbbb72,other_abe8d6af@nu.edu.pk,Other,User,student,,,,2026-08-21T13:47:14.619Z
d9a29a81-3d98-4f7c-ad88-e9dea2355f25,phase14_admin_d9a29a81@nu.edu.pk,Readiness,Admin,admin,,,,2026-08-21T13:47:14.598Z
098e8cf3-448f-4579-a917-b2956d45ff4f,phase14_student_098e8cf3@nu.edu.pk,Readiness,Student,student,,,,2026-08-21T13:47:14.589Z
53166771-9b88-4332-b392-677e64838bdb,push_admin_53166771@nu.edu.pk,Push,Admin,admin,,,,2026-08-21T13:47:14.450Z
1ef87467-d7c0-4d22-935c-312d204b7cb8,push_student_1ef87467@nu.edu.pk,Push,Student,student,,,,2026-08-21T13:47:14.439Z
f8d4440b-a080-49c1-8989-35c24c2b6b86,other_f8d4440b@nu.edu.pk,Other,User,student,,,,2026-08-21T13:34:16.496Z
f3bca239-7f8e-42a3-a950-b62d5774bb55,push_admin_f3bca239@nu.edu.pk,Push,Admin,admin,,,,2026-08-21T13:34:16.394Z
0d650871-3780-4230-9bc2-30c4ab1b04dd,push_student_0d650871@nu.edu.pk,Push,Student,student,,,,2026-08-21T13:34:16.389Z
e878330c-3a65-41ea-abca-4a5c0fbfbfb1,push_admin_e878330c@nu.edu.pk,Push,Admin,admin,,,,2026-08-21T13:33:54.981Z
9530b166-d660-42e4-81c3-01a4d5011ffb,push_student_9530b166@nu.edu.pk,Push,Student,student,,,,2026-08-21T13:33:54.972Z
5578a7c6-aa06-4173-bd15-ce7ee6a9b0b4,f240564@cfd.nu.edu.pk,Sobaan,Ahmed,admin,Computer Science,24F-0564,,2026-08-20T13:06:47.910Z